Fireplace,
Great cocktails,
Outdoor seating,
Popular for,
Lunch,
Dinner,
Solo dining,
Accessibility,
Wheelchair accessible entrance,
Wheelchair accessible restroom,
Wheelchair accessible seating,
Offerings,
Alcohol,
Beer,
Cocktails,
Coffee,
Comfort food,
Hard liquor,
Healthy options,
Late-night food,
Organic dishes,
Small plates,
Vegetarian options,
Wine,
Dining options,
Dessert,
Table service,
Takeout,
Amenities,
Bar onsite,
High chairs,
Restroom,
Sports,
Women-Led,
Wi-Fi,
Atmosphere,
Casual,
Cozy,
Crowd,
Family-friendly,
Groups,
Tourists,
Highlights,
Great coffee,
Great dessert,
Breakfast,
Wheelchair accessible elevator,
Braille menu,
Happy hour food,
Kids' menu,
Quick bite,
Seating,
Good for kids,
College students,
Planning,
Accepts reservations,
Transgender safespace,
LGBTQ friendly,
Payments,
Debit cards,
Credit cards,
Happy hour drinks,
Romantic,
Upscale,
Lunch reservations recommended,
Dinner reservations recommended,
Usually a wait,
Counter service,
Delivery,
Active military discounts,
Live performances,
Wheelchair accessible parking lot,
Assisted listening devices,
Restaurant,
Credit cards